level,message
ERROR,Error log entry number 1
,
ERROR error,Error log entry number 2
,
ERROR   info,Error log entry number 3
ERROR,Error log entry number 4
,
alert ERROR ,Error log entry number 5
ERROR,Error log entry number 6
logs ERROR,Error log entry number 7
,
fatal ERROR,Error log entry number 8
ERROR,Error log entry number 9
,
ERROR,Error log entry number 10
xx xx ERROR,Error log entry number 11
ERROR,Error log entry number 12
,
qwerty ERROR,Error log entry number 13
ERROR,Error log entry number 14
,
dfgh ERROR,Error log entry number 15
ERROR,Error log entry number 16
ERROR,Error log entry number 17
ERROR,Error log entry number 18
ERROR,Error log entry number 19
ERROR,Error log entry number 20
   aaERRORaa,Error log entry number 21
ERROR,Error log entry number 22
ERROR,Error log entry number 23
ERROR,Error log entry number 24
ERROR,Error log entry number 25
ERROR,Error log entry number 26
abcERROR,Error log entry number 27
ERROR,Error log entry number 28
ERROR,Error log entry number 29
alertttttERROR,Error log entry number 30
ERROR,Error log entry number 31
ERROR,Error log entry number 32
ERROR,Error log entry number 33
infooooERROR,Error log entry number 34
ERROR,Error log entry number 35
ERROR,Error log entry number 36
random ERROR,Error log entry number 37
ERROR,Error log entry number 38
ERROR,Error log entry number 39
ERROR,Error log entry number 40
ERROR,Error log entry number 41
ERROR,Error log entry number 42
ERROR,Error log entry number 43
ERROR,Error log entry number 44
ERROR,Error log entry number 45
ERROR,Error log entry number 46
ERROR,Error log entry number 47
ERROR,Error log entry number 48
ERROR,Error log entry number 49
ERROR,Error log entry number 50
ERROR,Error log entry number 51
ERROR,Error log entry number 52
ERROR,Error log entry number 53
ERROR,Error log entry number 54
ERROR,Error log entry number 55
ERROR,Error log entry number 56
ERROR,Error log entry number 57
ERROR,Error log entry number 58
ERROR,Error log entry number 59
ERROR,Error log entry number 60
ERROR,Error log entry number 61
ERROR,Error log entry number 62
ERROR,Error log entry number 63
ERROR,Error log entry number 64
ERROR,Error log entry number 65
ERROR,Error log entry number 66
ERROR,Error log entry number 67
ERROR,Error log entry number 68
ERROR,Error log entry number 69
ERROR,Error log entry number 70
ERROR,Error log entry number 71
ERROR,Error log entry number 72
ERROR,Error log entry number 73
ERROR,Error log entry number 74
ERROR,Error log entry number 75
ERROR,Error log entry number 76
ERROR,Error log entry number 77
ERROR,Error log entry number 78
ERROR,Error log entry number 79
ERROR,Error log entry number 80
ERROR,Error log entry number 81
ERROR,Error log entry number 82
ERROR,Error log entry number 83
ERROR,Error log entry number 84
ERROR,Error log entry number 85
ERROR,Error log entry number 86
ERROR,Error log entry number 87
ERROR,Error log entry number 88
ERROR,Error log entry number 89
ERROR,Error log entry number 90
ERROR,Error log entry number 91
ERROR,Error log entry number 92
ERROR,Error log entry number 93
ERROR,Error log entry number 94
ERROR,Error log entry number 95
ERROR,Error log entry number 96
ERROR,Error log entry number 97
ERROR,Error log entry number 98
ERROR,Error log entry number 99
ERROR,Error log entry number 100
ERROR,Error log entry number 101
ERROR,Error log entry number 102
ERROR,Error log entry number 103
ERROR,Error log entry number 104
xyzERROR,Error log entry number 105
ERROR,Error log entry number 106
ERROR,Error log entry number 107
ERROR,Error log entry number 108
ERROR,Error log entry number 109
ERRORxxxx,Error log entry number 110
ERROR,Error log entry number 111
ERROR,Error log entry number 112
ERROR  ,Error log entry number 113
ERROR,Error log entry number 114
   ERROR,Error log entry number 115
ERROR,Error log entry number 116
ERROR,Error log entry number 117
ERROR   ,Error log entry number 118
ERROR,Error log entry number 119
ERROR,Error log entry number 120
